,编号,测试人员,维修人员,日期,系统,BUG标签,问题描述,补充信息,优先级,修复状态,备注,版本号,解决情况,,,,
TRUE,,丹丽,,4月26日,chrome,逻辑错误,"终端类型：PC
浏览器：chrome
问题操作描述：
运营管理后台-版本发布管理，没有默认显示“android”平台，点击切换平台，升级发布列表没有刷新",,最重要,验证通过,,,"测试时间：2020.04.29 09：13
测试验证通过，待产品确认",,,,
TRUE,,丹丽,,4月26日,chrome,逻辑错误,"终端类型：PC
浏览器：chrome
问题操作描述：
运营管理后台-版本发布管理，各个检索项不支持模糊匹配
期望：支持模糊匹配",,最重要,验证通过,创建人搜索结果不对,,"测试时间：2020.05.13 17：18
测试验证通过，待产品确认",,,,
TRUE,,丹丽,,4月26日,chrome,逻辑错误,"终端类型：PC
浏览器：chrome
问题操作描述：
运营管理后台-版本发布管理-配置升级，地域和号码段的交互和UI没有按需求开发
期望：按需求定义开发",,最重要,验证通过,,,"测试时间：2020.04.30 15:35
测试验证通过，待产品确认",,,,
TRUE,,丹丽,,4月26日,chrome,逻辑错误,"终端类型：PC
浏览器：chrome
问题操作描述：
运营管理后台-版本发布管理-配置升级，自定义人群上传不支持的文件格式，会显示上传内容预览
期望：不支持的文件内容无法上传，不需显示文件名预览",,最重要,验证通过,到底是支持哪几种格式,,"测试时间：2020.04.30 15:43
测试验证通过，待产品确认",,,,
TRUE,,丹丽,,4月26日,chrome,逻辑错误,"终端类型：PC
浏览器：chrome
问题操作描述：
运营管理后台-版本发布管理-配置升级，点击发布无响应",,最重要,验证通过,文件上传接口报413错误,,"测试时间：2020.05.13 17：20
测试验证通过，待产品确认",,,,
TRUE,,丹丽,,4月26日,chrome,逻辑错误,"终端类型：PC
浏览器：chrome
问题操作描述：
运营管理后台-渠道信息管理，列表中无法显示渠道负责人信息",,最重要,验证通过,,,"测试时间：2020.04.29 09：15
测试验证通过，待产品确认",,,,
TRUE,,丹丽,,4月26日,chrome,功能缺失,"终端类型：PC
浏览器：chrome
问题操作描述：
运营管理后台-渠道信息管理，编辑窗口缺失备注输入框",,最重要,验证通过,,,"测试时间：2020.04.30 16:01
测试验证已修复，待产品确认",,,,
TRUE,,欧龙,,4月26日,360浏览器,逻辑错误,"模块：认证管理
【图标状态】搜索不准确，选择默认图标，仍显示出原生图标；选择原生图标搜索，仍有默认图标；",,最重要,验证通过,,,"测试时间：2020.04.29 09：25
测试验证通过，待产品确认",,,,
TRUE,,欧龙,,4月26日,360浏览器,功能缺失,"模块：认证管理
【时间索引】应为选择某一时间段，查询某一时间段修改的记录；",,最重要,验证通过,,,"测试时间：2020.04.29 09：28
测试验证通过，待产品确认",,,,
TRUE,,少东,,4月26日,chrome,界面优化,后台的列表每页显示可选择100条、200条、300条、400条，数字太大，显示后浏览效果不佳，应改为10、20、30、50、100条/页,,最重要,验证通过,,,"测试时间：2020.04.30 16:04
测试验证通过，待产品确认",,,,
TRUE,,欧龙,,4月26日,360浏览器,逻辑错误,"模块：认证管理
【活动状态】搜索不准确；选择下架搜索，仍有上架；",,最重要,验证通过,,,"测试时间：2020.04.29 09：30
测试验证通过，待产品确认",,,,
TRUE,,欧龙,,4月26日,360浏览器,功能缺失,"模块：认证管理
【修改人】清空按钮按了没用；且点击其他修改人没办法替换l",,最重要,验证通过,,,"测试时间：2020.04.29 09：31
测试验证通过，待产品确认",,,,
TRUE,,欧龙,,4月26日,360浏览器,逻辑错误,"模块：认证管理
【底部】未显示全部记录条，无法点击下一页；",,最重要,验证通过,,,"测试时间：2020.04.29 09：33
测试验证通过，待产品确认",,,,
TRUE,,欧龙,,4月26日,360浏览器,逻辑错误,"模块：认证管理
【修改人】显示为空，导入时，对应哪个账号名应该显示对应账户名；",,最重要,验证通过,,,"测试时间：2020.04.29 09：35
测试验证通过，待产品确认",,,,
TRUE,,欧龙,,4月26日,360浏览器,功能缺失,"模块：认证管理
【编辑】
1.修改人：不可选，默认为最新更新的账号名；
2.修改时间：不可选，默认为最新修改更新的时间；
3.图片：当前最新显示的logo图；",,最重要,验证通过,,,"测试时间：2020.04.30 19:36
测试验证通过，待产品确认",,,,
TRUE,,欧龙,,4月26日,360浏览器,界面优化,"模块：认证管理
【认证管理标题】页面下拉后，仍显示；应该隐藏；",,最重要,验证通过,,,"测试时间：2020.04.29 09：40
测试验证通过，待产品确认",,,,
TRUE,,欧龙,,4月26日,360浏览器,功能缺失,"模块：认证管理
上传成功后，APP前端并没有显示效果；测试环境和生成环境打通；",测试域名不行，图片上传无法测试，需现网上线,最重要,验证通过,要上线网才能打通数据，测试环境无法打通,,,,,,
TRUE,,欧龙,,4月26日,360浏览器,逻辑错误,"模块：认证管理
名称需统一为发布状态",,最重要,验证通过,,,"测试时间：2020.04.30 16:04
测试验证通过，待产品确认",,,,
TRUE,,欧龙,,4月26日,360浏览器,逻辑错误,"模块：认证管理
【APPID索引】应支持模糊搜索；",,最重要,验证通过,,,"测试时间：2020.04.29 09：41
测试验证通过，待产品确认",,,,
TRUE,,丹丽,,4月26日,chrome,逻辑错误,"终端类型：PC
浏览器：chrome
问题操作描述：
运营管理后台-版本发布管理，新增/编辑选择‘发布类型’后无法保存，再次进入编辑界面已经显示“请选择”提示",,最重要,验证通过,,,"测试时间：2020.04.30 16:15
测试验证通过，待产品确认",,,,
TRUE,,丹丽,,4月26日,chrome,界面优化,"终端类型：PC
浏览器：chrome
问题操作描述：
运营管理后台-版本发布管理，选择发布类型为全量时，发布管理界面的发布量显示“全量”两个字",,最重要,验证通过,,,"测试时间：2020.04.30 16:16
测试验证通过，待产品确认",,,,
TRUE,,丹丽,,4月26日,chrome,界面优化,"终端类型：PC
浏览器：chrome
问题操作描述：
运营管理后台-版本发布管理，新增版本发布项失败，点击保存后，列表没有更新",,最重要,验证通过,,,"测试时间：2020.04.30 18:36
测试验证通过，待产品确认",,,,
TRUE,,清云,,4月26日,chrome,界面优化,加v电话设置页面限制周期显示内容有误,,一般,验证通过,,,"测试时间：2020.04.28 17：43
测试验证通过，待产品确认",,,,
TRUE,,清云,,4月26日,chrome,逻辑错误,加V电话设置新增页面选择限制周期，点击新增没反应，也没有给出提示,,最重要,验证通过,,,"测试时间：2020.04.30 16:32
测试验证通过，待产品确认",,,,
TRUE,,清云,,4月26日,chrome,逻辑错误,加V电话设置新增页面选择限制周期和生效时间，点击新增按钮，提示新增失败，该限制周期已存在,,最重要,验证通过,只能有4个周期，按每年，每月，每周，每日，重复的话，会显示该周期已存在,,"测试时间：2020.04.30 16:34
测试验证通过，待产品确认",,,,
TRUE,,清云,,4月26日,chrome,功能缺失,加V电话设置-黑白名单配置页面，点击新增弹出页面没有确认和取消按钮,,最重要,验证通过,,,"测试时间：2020.04.30 16:37
测试验证通过，待产品确认",,,,
TRUE,,清云,,4月26日,chrome,逻辑错误,加V电话设置-黑白名单配置页面，批量上传黑白名单上传不成功,,最重要,验证通过,,,"测试时间：2020.04.30 16:44
测试验证通过，待产品确认",,,,
TRUE,,清云,,4月26日,chrome,逻辑错误,用户信息列表界面-输入搜索条件，选择是否实名认证，搜索结果没有按照搜索条件展示,,一般,验证通过,空值没有过滤,,"测试时间：2020.06.01 11:55
验证测试通过，待产品确认",,,,
TRUE,,清云,,4月26日,chrome,逻辑错误,"用户信息列表界面-输入搜索条件，选择
是否开通SIMeID，搜索结果没有按照搜索条件展示",,一般,验证通过,,,"测试时间：2020.04.28 17：45
测试验证通过，待产品确认",,,,
TRUE,,清云,,4月26日,chrome,逻辑错误,用户信息列表界面-输入搜索条件，手机号框输入带有前后空格，点击查找没有自动去除前后空格,,一般,验证通过,,,"测试时间：2020.04.30 16:51
测试验证通过，待产品确认",,,,
TRUE,,清云,,4月26日,chrome,逻辑错误,用户信息列表界面-输入搜索条件，账号名框输入带有前后空格，点击查找没有自动去除前后空格,,一般,验证通过,,,"测试时间：2020.04.30 16:51
测试验证通过，待产品确认",,,,
TRUE,,清云,,4月26日,chrome,逻辑错误,通话信息列表界面-所有输入搜索条件，筛选都失败,,一般,验证通过,有些手机好是没有数据的，找有数据的做一下筛选,,"测试时间：2020.04.30 16:48
测试验证通过，待产品确认",,,,
TRUE,,清云,,4月26日,chrome,功能缺失,用户信息列表界面-输入搜索条件，账号状态下拉框中没有全部这个选项,,最重要,验证通过,,,"测试时间：2020.04.30 16:49
测试验证通过，待产品确认",,,,
TRUE,,广榕,,4月26日,chrome,界面优化,用户信息管理-账号状态，下拉筛选条件与字段展示不一致；一个是锁定，一个是封禁,,一般,验证通过,,,"测试时间：2020.04.30 16:52
测试验证通过，待产品确认",,,,
TRUE,,清云,,4月26日,chrome,功能缺失,用户信息列表界面-输入搜索条件，是否实名认证下拉框中没有全部这个选项,,最重要,验证通过,,,"测试时间：2020.04.30 16:53
测试验证通过，待产品确认",,,,
TRUE,,广榕,,4月27日,chrome,逻辑错误,刷新页面就报404错误,,最重要,验证通过,,,"测试时间：2020.04.29 09：09
测试验证通过，待产品确认",,,,
TRUE,,清云,,4月30日,chrome,逻辑错误,加V电话设置-黑白名单配置，组合输入条件搜索，搜索结果数据有误,,一般,验证通过,要按查询可以搜寻结果，不按查询是之前的结果,,"测试时间：2020.05.08 15:35
测试验证通过，待产品确认",,,,
TRUE,,清云,,4月30日,chrome,逻辑错误,加V电话设置-黑白名单配置，白名单新增号码提示请求参数错误,,最重要,验证通过,,,"测试时间：2020.05.08 15:35
测试验证通过，待产品确认",,,,
TRUE,,清云,,4月30日,chrome,逻辑错误,加V电话设置-黑白名单配置，用户号码新增成功，提示上架成功！,,一般,验证通过,,,"测试时间：2020.05.08 15:45
测试验证通过，待产品确认",,,,
TRUE,,清云,,4月30日,chrome,逻辑错误,用户信息管理列表，未选中选项记录，点击账号批量封禁/解封，弹出提示是否确定封禁/解封，点击确认，弹出提示封禁/解封成功！,,一般,验证通过,,,"测试时间：2020.05.08 15:50
测试验证通过，待产品确认",,,,
TRUE,,少东,,5月7日,chrome,逻辑错误,用户信息管理-通话详情，名片发送状态，可选项为全部、未发送、是、否，应改成全部、未发送、发送成功、发送失败,,一般,验证通过,,,"测试时间：2020.05.08 15:50
测试验证通过，待产品确认",,,,
TRUE,,少东,,5月7日,chrome,逻辑错误,用户信息管理-通话详情，是否加V电话可选择项有全部、普通、加V电话、快显自定义、快显模板，应该只存在全部、普通、加V电话,,一般,验证通过,,,"测试时间：2020.05.08 15:51
测试验证通过，待产品确认",,,,
TRUE,,清云,,5月7日,chrome,逻辑错误,用户信息管理-通话详情，是否接通可选择项有全部、是、否，应改成全部、已接通、未接通,,一般,验证通过,,,"测试时间：2020.05.08 15:51
测试验证通过，待产品确认",,,,
TRUE,,少东,,5月7日,chrome,逻辑错误,用户信息管理-通话详情，拨出的电话如果是加V电话，名片信息中应显示名片内容,,一般,验证通过,,,"测试时间：2020.05.14 09:05
测试验证通过，待产品确认",,,,
TRUE,,少东,,5月7日,chrome,逻辑错误,用户信息管理-通话详情，查询条件中应该有两个按钮，搜索和刷新，现在只有一个按钮，无法搜索,,一般,验证通过,,,"测试时间：2020.05.08 15:55
测试验证通过，待产品确认",,,,
TRUE,,少东,,5月7日,chrome,逻辑错误,用户信息管理-通话详情，列表中是否加V电话下显示加V电话或普通电话即可，不需要显示成“是加V”,,一般,验证通过,,,"测试时间：2020.05.08 15:55
测试验证通过，待产品确认",,,,
TRUE,,少东,,5月7日,chrome,逻辑错误,用户信息管理-登录信息，登录方式显示不正确，应显示一键登录、短信验证码登录或SIM快捷登录,,一般,验证通过,,,"测试时间：2020.05.14 09:05
测试验证通过，待产品确认",,,,
TRUE,,清云,,5月7日,chrome,逻辑错误,认证管理查询条件筛选，点击刷新按钮，重置查询条件，预期是仅对列表刷新,,一般,验证通过,,,"测试时间：2020.06.01 11:58
验证测试通过，待产品确认",,,,
TRUE,,少东,,5月7日,chrome,逻辑错误,用户信息管理中点击账号封禁，直接封禁，逻辑错误，应该弹出提示框，提示语，是否确认封禁此账号？再次点击确认后才封禁账号，防止误操作,,最重要,验证通过,,,"测试时间：2020.05.08 15:58
测试验证通过，待产品确认",,,,
TRUE,,少东,,5月7日,chrome,逻辑错误,用户信息管理中筛选条件中应该是账号名称，现在显示账号者,,一般,验证通过,,,"测试时间：2020.05.08 15:58
测试验证通过，待产品确认",,,,
TRUE,,东蔚,,5月7日,chrome,界面优化,"左上角应为logo，格子与原稿设计不一致，数据应为background:rgba(38,46,67,1);
box-shadow:0px 1px 3px 0px rgba(0,0,0,0.5)",,一般,验证通过,,,"测试时间：2020.05.18 17:05
测试验证通过，待产品确认",,,,
TRUE,,清云,,5月7日,chrome,逻辑错误,用户信息管理列表和基础信息所属地区详情为空,,一般,验证通过,,,"测试时间：2020.05.14 09:35
测试验证通过，待产品确认",,,,
TRUE,,清云,,5月7日,chrome,逻辑错误,用户信息管理-通话信息，查询条件名片是否发送状态应改成名片是否发送成功,,一般,验证通过,,,"测试时间：2020.06.01 11:58
验证测试通过，待产品确认",,,,
TRUE,,清云,,5月7日,chrome,逻辑错误,用户信息管理-通话信息，列表中名片是否发送成功应显示未发送、发送成功、发送失败,,一般,验证通过,,,"测试时间：2020.05.08 16:05
测试验证通过，待产品确认",,,,
TRUE,,东蔚,,5月7日,chrome,界面优化,点击三横收起左边栏时方框位置应有“超级号运营后台”字样,,一般,验证通过,,,"测试时间：2020.05.14 09:10
测试验证通过，待产品确认",,,,
FALSE,,东蔚,,5月7日,chrome,界面优化,未使用设计稿icon,,一般,已修复待验证,,,,,,,
FALSE,,东蔚,,5月7日,chrome,界面优化,表单中内容过多时，将表头、列中的“ID”和“操作”固定，方便查看表内数据。补充信息来自elementUI,,一般,已修复待验证,,,,,,,
TRUE,,清云,,5月7日,chrome,逻辑错误,版本发布管理新增，下载地址为必填项，新增时禁止输入内容,,最重要,验证通过,上传安装包自动输入,,"测试时间：2020.05.08 16:05
测试验证通过，待产品确认",,,,
FALSE,,东蔚,,5月7日,chrome,界面优化,所有弹窗样式需要优化。补充信息为设计稿样式,,一般,已修复待验证,,,,,,,
FALSE,,东蔚,,5月8日,chrome,界面优化,左侧栏整体样式与设计稿不一致。补充信息为设计稿设计,,一般,待修复,,,,,,,
FALSE,,东蔚,,5月8日,chrome,界面优化,【版本升级发布管理】小屏选择时间时弹出框错位,,一般,待修复,,,,,,,
TRUE,,东蔚,,5月8日,chrome,界面优化,【版本升级发布管理】弹窗优化：整体大小调整为420✖️772；上传文件按钮优化；取消与确认部分与主题之间的横线；取消确定按钮样式优化；版本升级描述输入框样式调整，以及应该为不可拉伸的输入框。,,一般,验证通过,,,,,,,
TRUE,,东蔚,,5月8日,chrome,界面优化,【版本升级发布管理】查找重置新增按钮位置调整,,一般,验证通过,,,"测试时间：2020.05.11 17:35
测试验证通过，待产品确认",,,,
TRUE,,东蔚,,5月8日,chrome,界面优化,【渠道信息管理】整体下拉框填充颜色为#1E2336；说明文字与下拉框之间padding4px；按钮位置调整。,,一般,验证通过,,,"测试时间：2020.05.14 09:35
测试验证通过，待产品确认",,,,
TRUE,,东蔚,,5月8日,chrome,界面优化,【认证管理】下拉框样式与其他页面下拉框样式需保持一致；表单内间距：“修改人”与“操作”之间间隔过大，“修改时间”可以完整显示。,,一般,验证通过,,,"测试时间：2020.05.18 17:00
测试验证通过，待产品确认",,,,
TRUE,,东蔚,,5月8日,chrome,界面优化,【加V电话新增】小屏弹窗错位，弹窗样式，弹窗宽度为420px,,一般,验证通过,,,"测试时间：2020.05.18 17:00
测试验证通过，待产品确认",,,,
TRUE,,清云,,5月8日,chrome,逻辑错误,加V电话设置-黑白名单配置，新增号码成功，页面一直停留在界面上，需要手动关闭；而新增成功的记录需要刷新页面才能看到,,一般,验证通过,,,"测试时间：2020.05.18 17:00
测试验证通过，待产品确认",,,,
TRUE,,东蔚,,5月9日,chrome,逻辑错误,【渠道管理新增】填写ch之后应自动检测不允许重复。补充信息为设计稿,,一般,验证通过,,点击图标监测或者点击提交监测,"测试时间：2020.06.02 16：10
测试验证已修复，待产品确认",,,,
FALSE,,东蔚,,5月9日,chrome,界面优化,【业务信息管理】按钮不对,,一般,待修复,,,,,,,
TRUE,,清云,,5月11日,chrome,逻辑错误,消息管理配置-限制配置/模板分类/通用模板/定制模板/自定义模板列表，页面ID没有从1000001开始,,最重要,验证通过,后台生成规则按照的这个逻辑,,"测试时间：2020.05.12 09:10
测试验证通过，待产品确认",,,,
TRUE,,清云,,5月11日,chrome,逻辑错误,消息管理配置-限制配置新增，每月限制条数输入浮点数或负数没有给出提示,,最重要,验证通过,,,"测试时间：2020.05.12 12:00
测试验证通过，待产品确认",,,,
TRUE,,清云,,5月11日,chrome,逻辑错误,消息管理配置-限制配置新增，每日发送限制输入浮点数或负数没有给出提示,,最重要,验证通过,,,"测试时间：2020.05.12 12:05
测试验证通过，待产品确认",,,,
TRUE,,清云,,5月11日,chrome,界面优化,"消息管理配置-限制配置新增，每日限制条数
应改成每月限制条数，每月发送限制应改成每日发送限制",,一般,验证通过,,,"测试时间：2020.05.14 09:30
测试验证通过，待产品确认",,,,
TRUE,,清云,,5月11日,chrome,逻辑错误,消息管理配置-限制配置/模板分类新增，优先级输入浮点数或负数没有给出提示,,最重要,验证通过,,,"测试时间：2020.05.12 12:05
测试验证通过，待产品确认",,,,
TRUE,,清云,,5月11日,chrome,逻辑错误,消息管理配置-限制配置/模板分类/通用模板/定制模板页面，点击白名单-限制配置白名单新增，可以新增重复的手机号码,,最重要,验证通过,,,"测试时间：2020.05.12 09:38
测试验证通过，待产品确认",,,,
TRUE,,清云,,5月11日,chrome,界面优化,消息管理配置-模板管理-模板分类新增，模板分类类型选项通用模板和定制模板，应改成通用和定制,,一般,验证通过,,,"测试时间：2020.05.12 11:55
测试验证通过，待产品确认",,,,
TRUE,,清云,,5月11日,chrome,逻辑错误,消息管理配置-模板管理-模板分类新增，填写完信息点击确定按钮，提示出现异常，请刷新再试或重新登录，一直在加载中,,最重要,验证通过,,,"测试时间：2020.05.12 09:40
测试验证通过，待产品确认",,,,
TRUE,,清云,,5月11日,chrome,逻辑错误,消息管理配置-模板管理-模板分类编辑，输入已有的模板分类名，并没有自动检查名字和冲突红色文字预警提示，点击确定预期是弹窗提示保持失败，模板分类名冲突,,一般,验证通过,需要点击才能提示,,,,,,
TRUE,,清云,,5月11日,chrome,逻辑错误,消息管理配置-模板管理-模板分类列表页面，点击上架/下架，没有弹窗确认是否发布上架/下架,,最重要,验证通过,,,"测试时间：2020.05.12 11:45
测试验证通过，待产品确认",,,,
TRUE,,清云,,5月11日,chrome,逻辑错误,消息管理配置-模板管理-通用模板/定制模板新增，模板内容长度超过51个字，没有提示长度异常,,一般,验证通过,,,"测试时间：2020.05.12 11:40
测试验证通过，待产品确认",,,,
TRUE,,清云,,5月11日,chrome,逻辑错误,消息管理配置-模板管理-通用模板/定制模板新增，是否支持自定义选择否，模板内容可输入，预期是不支持输入自定义字段,,一般,验证通过,,,"测试时间：2020.05.14 16:30
测试验证通过，待产品确认",,,,
TRUE,,清云,,5月11日,chrome,功能缺失,消息管理配置-模板管理-通用模板/定制模板新增，选择列表内容输入框右边缺失+号,,最重要,验证通过,,,"测试时间：2020.05.14 09:30
测试验证通过，待产品确认",,,,
TRUE,,清云,,5月11日,chrome,逻辑错误,消息管理配置-模板管理-自定义模板列表，号码没有显示对应手机号码,,一般,验证通过,需要客户端操作才会显示对应手机号码,,,,,,
TRUE,,清云,,5月11日,chrome,逻辑错误,消息管理配置-模板管理-自定义模板列表，审核人没有显示对应的信息,,一般,验证通过,,,"测试时间：2020.05.12 17:15
测试验证通过，待产品确认",,,,
TRUE,,清云,,5月11日,chrome,逻辑错误,消息管理配置-模板管理-自定义模板列表，点击操作通过/失败，没有弹窗确认审核结果,,最重要,验证通过,,,"测试时间：2020.05.12 11:38
测试验证通过，待产品确认",,,,
TRUE,,清云,,5月12日,chrome,逻辑错误,消息管理配置-发送记录，三个快捷选项不一致，不支持自定义选择时间周期，只能选择在一个月时间内,,一般,验证通过,首先选择结束时间，再选择开始时间,,"测试时间：2020.05.14 09:30
测试验证通过，待产品确认",,,,
TRUE,,清云,,5月14日,chrome,功能缺失,消息管理配置-模板管理-通用模板/定制模板，黑白名单页面缺失导出功能,,最重要,验证通过,,,"测试时间：2020.05.14 11:40
测试验证通过，待产品确认",,,,
TRUE,,广榕,,5月14日,chrome,逻辑错误,加V电话新增编辑-传输报文里的时间与页面时间输入框里输入的时间不一致,,最重要,验证通过,,,"测试时间：2020.05.18 16:55
测试验证通过，待产品确认",,,,
TRUE,,清云,,5月15日,chrome,逻辑错误,消息管理配置-限制配置，点击编辑修改优先级，保存出现错误提示,,一般,验证通过,,,"测试时间：2020.05.18 16:55
测试验证通过，待产品确认",,,,
TRUE,,清云,,5月15日,chrome,界面优化,消息管理配置-模板管理-通用模板/定制模板，修改模板分类提示修改成功，列表中显示还是原来的模版,,一般,验证通过,,,"测试时间：2020.05.18 16:55
测试验证通过，待产品确认",,,,
TRUE,,丹丽,,5月15日,chrome,逻辑错误,新建发送限制，没有自动生成ID，ID显示为0,,一般,验证通过,,,"测试时间：2020.05.18 17:55
测试验证通过，待产品确认",,,,
TRUE,,丹丽,,5月15日,chrome,逻辑错误,消息发送限制新建页面，上传名单后 ，点击查看名单，点击不响应,,一般,验证通过,,,"测试时间：2020.05.18 16:55
测试验证通过，待产品确认",,,,
TRUE,,丹丽,,5月15日,chrome,逻辑错误,消息发送限制新建失败，点击确定不响应,,最重要,验证通过,,,"测试时间：2020.05.18 16:50
测试验证通过，待产品确认",,,,
TRUE,,丹丽,,5月15日,chrome,逻辑错误,发送限制页面，提示语非必填项，请优化,,一般,验证通过,,,"测试时间：2020.05.18 16:50
测试验证通过，待产品确认",,,,
TRUE,,丹丽,,5月15日,chrome,逻辑错误,模板配置页，已上传的模板ICON在展示列表界面，没有显示,,最重要,验证通过,,,"测试时间：2020.05.18 17:55
测试验证通过，待产品确认",,,,
TRUE,,丹丽,,5月15日,chrome,逻辑错误,名单新建手机号，输入11位数字后，不能正常保存,,最重要,验证通过,,,"测试时间：2020.05.18 16:50
测试验证通过，待产品确认",,,,
TRUE,,清云,,5月15日,chrome,逻辑错误,消息管理配置-模板管理-自定义模板，模板内容显示有运营人员后台配置的模板,,最重要,验证通过,,,"测试时间：2020.05.18 16:48
测试验证通过，待产品确认",,,,
TRUE,,清云,,5月15日,chrome,逻辑错误,用户审核管理-闪信审核管理，消息类型-快显消息暂无数据,,最重要,验证通过,,,"测试时间：2020.05.18 17:20
测试验证通过，待产品确认",,,,
TRUE,,丹丽,,5月15日,chrome,逻辑错误,模板分类配置更新失败，,,最重要,验证通过,,,"测试时间：2020.05.18 16:48
测试验证通过，待产品确认",,,,
TRUE,,清云,,5月15日,chrome,逻辑错误,消息管理配置-模板管理-通用模板/定制模板，配置模板自定义字段，APP中没有相关模板,,最重要,验证通过,,,"测试时间：2020.05.18 16:45
测试验证通过，待产品确认",,,,
TRUE,,丹丽,,5月15日,chrome,逻辑错误,消息管理配置——发送记录页显示的数据都是虚假数据，没有实际每日的消耗数据,,最重要,验证通过,,,,,,,
TRUE,,丹丽,,5月15日,chrome,功能缺失,业务信息管理——消息发送信息模块没有按需求开发，功能不可用,,一般,验证通过,还木有开发，需要排期开发,,,,,,
TRUE,,清云,,5月15日,chrome,逻辑错误,消息管理配置-模板管理-通用模板/定制模板，配置定制字段$date，APP没有弹出自定义填写字段,,一般,验证通过,请注意有没有正确操作，注意模板的生效时间,,"测试时间：2020.05.18 16:45
测试验证通过，待产品确认",,,,
TRUE,,清云,,5月15日,chrome,界面优化,用户审核管理-闪信审核管理，实名认证应改成是否实名认证，敏感词筛选应改成敏感词筛查,,一般,验证通过,,,"测试时间：2020.05.18 16:45
测试验证通过，待产品确认",,,,
TRUE,,欧龙,,5月18日,chrome,逻辑错误,【认证管理】编辑内的上下架无法更换状态，仅能通过列表点击上下架才能更换状态；,测试域名不行，图片上传无法测试，需现网上线,最重要,验证通过,需现网上线，测试域名不行,,"测试时间：2020.06.03 16:25
测试验证已修复，待产品确认",,,,
TRUE,,欧龙,,5月18日,chrome,逻辑错误,【认证管理】修改默认图标：修改失败，无法修改默认图标没有更新；,测试域名不行，图片上传无法测试，需现网上线,最重要,验证通过,,需现网上线，测试域名不行,"测试时间：2020.06.03 16:25
测试验证已修复，待产品确认",,,,
FALSE,,欧龙,,5月18日,chrome,界面优化,【认证管理】添加单个图标，在无原生图标添加时，返回添加失败，逻辑正确，弹窗字显示：添加原生图标状态的记录是，需上传原生图标；,,最重要,验证不通过,,,,,,,
TRUE,,欧龙,,5月18日,chrome,功能缺失,【认证管理】缺少来源字段的逻辑；具体见需求文档；,,最重要,验证通过,,,,,,,
TRUE,,欧龙,,5月18日,chrome,逻辑错误,【认证管理】导出的excel，仅显示当前页面的数据，不是所有的数据；,测试域名不行，图片上传无法测试，需现网上线,最重要,验证通过,需现网上线，测试域名不行,,,,,,
TRUE,,欧龙,,5月18日,chrome,逻辑错误,【认证管理】编辑功能：编辑一个记录的图片，上传新图片后，点击下一个记录的编辑，上传图片模块还是显示为上一次记录上传的图片；需要点击删除后，才能重新上传；（正常来说，应该是为空的）,,最重要,验证通过,,,,,,,
TRUE,,欧龙,,5月18日,chrome,逻辑错误,【认证管理】批量-切换成原生图标功能：无原生图情况下，应该无法切换成原生图标，但是批量功能允许切换成原生图标；,测试域名不行，图片上传无法测试，需现网上线,最重要,验证通过,,需现网上线，测试域名不行,"测试时间：2020.06.03 17:05
测试验证已修复，待产品确认",,,,
TRUE,,清云,,5月20日,chrome,逻辑错误,消息管理配置-限制配置，点击编辑修改，属性显示为1,,一般,验证通过,,,"测试时间：2020.05.20 17:05
测试验证通过，待产品确认",,,,
TRUE,,清云,,5月20日,chrome,逻辑错误,消息管理配置-限制配置，没有配置限制名单，APP发送快显消息发送失败及提示出现负数,,最重要,验证通过,,,"测试时间：2020.05.21 09:50
测试验证通过，待产品确认",,,,
TRUE,,清云,,5月28日,chrome,逻辑错误,系统管理-账号管理，状态选择正常搜索，列表展示所有记录,,一般,验证通过,,,"测试时间：2020.05.29 09:50
测试验证通过，待产品确认",,,,
TRUE,,清云,,5月28日,chrome,逻辑错误,系统管理-账号管理，新增第二个账号，账号新增页面信息显示上一个新增账号的信息,,一般,验证通过,,,"测试时间：2020.05.29 10:10
测试验证通过，待产品确认",,,,
TRUE,,清云,,5月28日,chrome,逻辑错误,系统管理-账号管理，其他角色账号在此模块时，新增按钮和编辑按钮没有隐藏,,一般,验证通过,,,"测试时间：2020.05.29 16:25
验证测试通过，待产品确认",,,,
TRUE,,清云,,5月28日,chrome,逻辑错误,系统管理-账号管理，管理员账号应该由开发在后台创建,,一般,验证通过,,,"测试时间：2020.05.29 16:30
验证测试通过，待产品确认",,,,
TRUE,,清云,,5月28日,chrome,逻辑错误,系统管理-账号管理新增，用户名包含特殊字符添加成功，包含汉字的点击提交，没有任何的提示,,一般,验证通过,,,"测试时间：2020.05.29 16:35
验证测试通过，待产品确认",,,,
TRUE,,清云,,5月28日,chrome,逻辑错误,系统管理-账号管理新增，姓名填写中文或特殊符号，点击提交没反应，添加失败,,一般,验证通过,,,"测试时间：2020.05.29 16:35
验证测试通过，待产品确认",,,,
TRUE,,清云,,5月29日,chrome,逻辑错误,系统管理-账号管理编辑，编辑完成后点击保存，没有弹出二次确认框；编辑完成后点击取消，也没有弹出二次确认框,,一般,验证通过,,,"测试时间：2020.05.29 18:10
验证测试通过，待产品确认",,,,
FALSE,,清云,,5月29日,chrome,界面优化,系统管理-账号管理，新增/编辑弹出页面的提交按钮，应改成为保存按钮,,一般,已修复待验证,,,,,,,
TRUE,,清云,,5月29日,chrome,逻辑错误,系统管理-账号管理修改密码，输入包含用户名密码，可提交修改成功,,一般,验证通过,,,"测试时间：2020.05.29 16:35
验证测试通过，待产品确认",,,,
TRUE,,清云,,5月29日,chrome,逻辑错误,用户信息管理-实名认证，筛选性别为男的数据导出，显示数据与导出的数据数量不一致,,一般,验证通过,,,"测试时间：2020.06.02 11:30
验证测试通过，待产品确认",,,,
FALSE,,清云,,5月29日,chrome,界面优化,用户信息管理-实名认证，筛选条件性别下拉选项，需求中没有提及未知这个选项,,一般,待修复,,,,,,,
TRUE,,清云,,5月29日,chrome,逻辑错误,用户信息管理-实名认证，筛选条件选择所在城市要精确到市区，预期是不选至市区仍可查询,,一般,验证通过,,,"测试时间：2020.06.02 14:10
验证测试通过，待产品确认",,,,
TRUE,,清云,,5月29日,chrome,逻辑错误,用户信息管理-实名认证，点击重置并没有刷新当前列表,,一般,验证通过,,,"测试时间：2020.06.01 12:00
验证测试通过，待产品确认",,,,
TRUE,,清云,,5月29日,chrome,逻辑错误,日志管理-结算管理，筛选条件任务ID、用户账号、返回码不支持模糊搜索,,一般,验证通过,,,"测试时间：2020.06.01 12:00
验证测试通过，待产品确认",,,,
FALSE,,清云,,5月29日,chrome,界面优化,日志管理-结算管理，筛选条件接口名称选项，应改成为三要素认证和人像比对,,一般,待修复,,,,,,,
TRUE,,清云,,5月29日,chrome,逻辑错误,日志管理-结算管理，点击重置并没有按默认条件搜索,,一般,验证通过,,,"测试时间：2020.06.01 12:00
验证测试通过，待产品确认",,,,
TRUE,,清云,,6月1日,chrome,逻辑错误,运营配置管理-认证管理，点击重置并没有刷新当前列表,,一般,验证通过,,,"测试时间：2020.06.02 14:10
验证测试通过，待产品确认",,,,
TRUE,,清云,,6月1日,chrome,逻辑错误,运营配置管理-认证管理，筛选条件选择修改人，并没有按照筛选条件展示搜索结果,,一般,验证通过,,,"测试时间：2020.06.01 16:45
验证测试通过，待产品确认",,,,
TRUE,,欧龙,,6月5日,360,逻辑错误,1.点击左侧按钮展开，右方【展开查看详情】应该改为【收起】,,一般,验证通过,,,"测试时间：2020.06.08 09:15
验证测试通过，待产品确认",,,,
TRUE,,欧龙,,6月5日,360,逻辑错误,2.点击左侧按钮展开，是可以同时展开多个的，点击右方【展开查看详情】仅能展开一个；应该改成都能同时展开多个,,一般,验证通过,,,"测试时间：2020.06.08 09:15
验证测试通过，待产品确认",,,,
TRUE,,丹丽,,6月5日,chrome,逻辑错误,消息管理配置-发送记录，每月只显示最近一个月的数据,,最重要,验证通过,后期优化,,"测试时间：2020.07.06 17:50
测试验证通过，待产品确认",,,,
TRUE,,清云,,6月9日,chrome,逻辑错误,数据报表-加V电话，选择按月统计搜索没有数据,,最重要,验证通过,,,"测试时间：2020.06.10 14:15
验证测试通过，待产品确认",,,,
TRUE,,清云,,6月9日,chrome,逻辑错误,数据报表-5G快签，选择按月统计搜索没有数据,,最重要,验证通过,,,"测试时间：2020.06.10 14:15
验证测试通过，待产品确认",,,,
TRUE,,清云,,6月10日,chrome,逻辑错误,运营配置管理-设置配置，帮助说明配置新增，新增第二个页面显示上一个新增的信息,,一般,验证通过,,,"测试时间：2020.06.11 11:15
验证测试通过，待产品确认",,,,
TRUE,,清云,,6月10日,chrome,逻辑错误,运营配置管理-设置配置，优先级可以输入中文和负数，没有给出错误提示；没有默认值，预期是默认值为0,,一般,验证通过,,,"测试时间：2020.06.11 11:15
验证测试通过，待产品确认",,,,
TRUE,,清云,,6月10日,chrome,逻辑错误,运营配置管理-设置配置，说明页面不是必填项，上传其他格式文件也成功，比如excel,,一般,验证通过,,,"测试时间：2020.06.11 11:15
验证测试通过，待产品确认",,,,
TRUE,,清云,,6月10日,chrome,逻辑错误,运营配置管理-设置配置，帮助说明配置列表输入不存在创建人/更新人搜索，列表显示所有数据,,一般,验证通过,,,"测试时间：2020.06.11 14:35
验证测试通过，待产品确认",,,,
TRUE,,清云,,6月10日,chrome,逻辑错误,运营配置管理-设置配置，帮助说明配置列表点击上架/下架，没有弹出二次确认框,,一般,验证通过,,,"测试时间：2020.06.11 14:35
验证测试通过，待产品确认",,,,
TRUE,,清云,,6月11日,chrome,逻辑错误,运营配置管理-设置配置，帮助说明配置新增第二个，说明页面不上传也能新增成功,,一般,验证通过,,,"测试时间：2020.06.12 11:25
验证测试通过，待产品确认",,,,
TRUE,,,,6月12日,chrome,逻辑错误,消息管理配置-限制配置/模板分类，没有按照优先级排序，预期是数值越大优先级越高,,一般,验证通过,按照更新时间顺序,,,,,,
TRUE,,,,6月12日,chrome,逻辑错误,消息管理配置-限制配置/模板分类，没有按创建时间排序，预期是同个优先级按创建时间排序，旧的优先级>新的,,一般,验证通过,按照更新时间顺序,,,,,,
TRUE,,清云,,6月15日,chrome,逻辑错误,版本发布管理-版本升级发布管理新增，提交错误提示,,最重要,验证通过,,,"测试时间：2020.06.17 1750
验证测试通过，待产品确认",,,,
FALSE,,清云,,6月16日,chrome,界面优化,消息管理配置-限制配置列表，白名单描述改为名单,,一般,待修复,,,,,,,
TRUE,,清云,,6月17日,chrome,逻辑错误,运营配置管理-邀请好友新增，已存在一个邀请链接是上架状态的，新增邀请链接点击确认新增成功，没有给出提示,,一般,验证通过,,,"测试时间：2020.06.18 09:15
验证测试通过，待产品确认",,,,
TRUE,,清云,,6月17日,chrome,逻辑错误,运营配置管理-邀请好友新增，已存在10个上架状态的邀请海报，再新增一个邀请海报新增成功，没有给出提示,,一般,验证通过,,,"测试时间：2020.06.18 09:15
验证测试通过，待产品确认",,,,
TRUE,,清云,,6月17日,chrome,逻辑错误,运营配置管理-邀请好友配置列表，点击邀请链接不支持跳转,,一般,验证通过,,,"测试时间：2020.06.17 17:45
验证测试通过，待产品确认",,,,
TRUE,,清云,,6月17日,chrome,逻辑错误,运营配置管理－5G快签配置列表，最大条数没有做限制，预期是每年次数不得少于每月次数，每月次数不得少于每周次数，每周次数不得少于每天次数,,一般,验证通过,,,"测试时间：2020.06.18 09:05
验证测试通过，待产品确认",,,,
TRUE,,清云,,6月17日,chrome,逻辑错误,运营配置管理－5G快签配置列表，操作点击上/下架，没有弹窗做二次确认,,一般,验证通过,,,"测试时间：2020.06.18 09:05
验证测试通过，待产品确认",,,,
TRUE,,清云,,6月17日,chrome,逻辑错误,运营配置管理－5G快签配置列表，操作点击编辑，修改内容保存不成功,,最重要,验证通过,,,"测试时间：2020.06.17 17:45
验证测试通过，待产品确认",,,,
TRUE,,清云,,6月18日,chrome,逻辑错误,运营配置管理－号卡体检配置编辑，链接限制输入内容不得超过20个字符，预期是不限制输入,,一般,验证通过,,,"测试时间：2020.06.19 10:45
验证测试通过，待产品确认",,,,
TRUE,,清云,,6月18日,chrome,逻辑错误,运营配置管理－号卡体检配置搜索，选择更新时间搜索，点击重置列表没有按默认条件搜索结果展示,,一般,验证通过,,,"测试时间：2020.06.19 11:45
验证测试通过，待产品确认",,,,
TRUE,,清云,,6月18日,chrome,逻辑错误,运营配置管理－号卡体检配置搜索，输入不存创建人/更新人，搜索成功,,一般,验证通过,,,"测试时间：2020.06.19 10:50
验证测试通过，待产品确认",,,,
TRUE,,清云,,6月18日,chrome,逻辑错误,运营配置管理－号卡体检配置列表，无勾选任何内容，点击批量删除弹窗提示，预期是批量操作按钮置灰，点击不响应,,一般,验证通过,,,"测试时间：2020.06.19 10:50
验证测试通过，待产品确认",,,,
TRUE,,清云,,6月18日,chrome,逻辑错误,用户信息管理-业务信息管理，号卡体检信息列表号码没有隐藏中间4位,,一般,验证通过,,,"测试时间：2020.06.19 10:50
验证测试通过，待产品确认",,,,
TRUE,,清云,,6月18日,chrome,逻辑错误,用户信息管理-业务信息管理，号卡体检信息列表最近检测时间没有显示,,一般,验证通过,后台数据为空,,"测试时间：2020.06.24 11:50
验证测试通过，待产品确认",,,,
TRUE,,清云,,6月19日,chrome,逻辑错误,运营配置管理－号卡体检配置新增，输入无效链接没有给出红色字体提示,,一般,验证通过,判断格式是否正确即可,,"测试时间：2020.06.19 11:40
验证测试通过，待产品确认",,,,
TRUE,,清云,,6月19日,chrome,逻辑错误,运营配置管理-加V电话设置新增，提示新增成功，列表需要刷新才显示新增的数据,,最重要,验证通过,,,"测试时间：2020.07.07 11:00
测试验证已修复，待产品确认",,,,
TRUE,,清云,黄宇鹏,6月19日,chrome,逻辑错误,运营配置管理-加V电话设置列表，操作点击编辑，生效时间没有显示,,一般,验证通过,,,"测试时间：2020.06.19 11:40
验证测试通过，待产品确认",,,,
TRUE,,清云,黄宇鹏,6月19日,chrome,逻辑错误,运营配置管理-加V电话设置，黑白名单配置新增，点击确认不响应,,一般,验证通过,,,"测试时间：2020.06.19 11:40
验证测试通过，待产品确认",,,,
TRUE,,清云,徐青云,6月19日,chrome,逻辑错误,数据报表-5G快签，选择按日统计不选择日期，点击刷新没有任何数据,,一般,验证通过,,,"测试时间：2020.06.23 16:40
验证测试通过，待产品确认",,,,
TRUE,,清云,黄宇鹏,6月24日,chrome,逻辑错误,运营配置管理-认证管理，不筛选条件点导出，导出不是全部数据；筛选条件点导出，只导出当前页的数据，预期是导出所有筛选条件的数据,,一般,验证通过,,,,,,,
TRUE,,清云,黄宇鹏,6月24日,chrome,逻辑错误,运营配置管理-认证管理，点击批量模板下载，出现异常,,一般,验证通过,,,,,,,
TRUE,,清云,黄宇鹏,6月24日,chrome,逻辑错误,运营配置管理-设置配置，帮助说明点击链接预览显示为空,,一般,验证通过,部署问题不用改,,"测试时间：2020.06.28 16:40
验证测试通过，待产品确认",,,,
FALSE,,清云,,6月23日,chrome,界面优化,运营配置管理-消息管理配置，限制配置名单页面批量上传白名单应该为批量上传名单,,一般,待修复,,,,,,,
TRUE,,清云,黄宇鹏,6月24日,chrome,逻辑错误,用户信息管理-用户信息管理，不筛选条件点导出，导出不是全部数据；筛选条件点导出，只导出当前页的数据，预期是导出所有筛选条件的数据,,最重要,验证通过,重新登录一下页面，刷新一下,,"测试时间：2020.07.06 17:50
测试验证通过，待产品确认",,,,
TRUE,,清云,黄宇鹏,6月24日,chrome,逻辑错误,用户信息管理-用户信息管理，页码点击选择100/页，页面显示不全数据,,最重要,验证通过,后期优化，等下期后台部署,,"测试时间：2020.07.06 17:50
测试验证通过，待产品确认",,,,
TRUE,,清云,黄宇鹏,6月24日,chrome,逻辑错误,用户信息管理-实名认证，列表数据显示不全，性别全部显示未知,,一般,验证通过,,,,,,,
TRUE,,清云,徐青云,6月24日,chrome,逻辑错误,数据报表-加V电话/5G快签，不筛选条件点导出，导出不是全部数据；筛选条件点导出，只导出当前页的数据，预期是导出所有筛选条件的数据,,一般,验证通过,,,"测试时间：2020.06.28 16:50
验证测试通过，待产品确认",,,,
TRUE,,清云,黄宇鹏,6月29日,chrome,逻辑错误,用户信息管理-实名认证，筛选或不筛选条件点导出，导出数据与页面显示数据不一致,,一般,验证通过,后期优化，等下期后台部署,,,,,,
TRUE,,清云,,6月24日,chrome,逻辑错误,所有页面新增退出应该为空值(SKU配置新增、消息限制配置新增、模板分类新增、通用模板新增、定制模板新增),,一般,验证通过,,,"测试时间：2020.07.08 11:50
测试验证通过，待产品确认",,,,
TRUE,,清云,,6月24日,chrome,逻辑错误,所有页面编辑退出应该没有提示(5G快签编辑、关键词编辑),,一般,验证通过,,,"测试时间：2020.07.08 11:50
测试验证通过，待产品确认",,,,
TRUE,,清云,龙晓泉,6月24日,chrome,逻辑错误,运营配置管理-号卡体检分享配置，点击上架所有更新时间都统一更新,,一般,验证通过,,,"测试时间：2020.06.24 14:00
验证测试通过，待产品确认",,,,
TRUE,,清云,黄宇鹏,6月24日,chrome,界面优化,运营配置管理-认证管理，点击上/下架，提示批量上/下架操作成功应改为上/下架操作成功,,一般,验证通过,,,,,,,
TRUE,,清云,徐青云,6月24日,chrome,逻辑错误,数据报表-快显消息，选择按日统计数据，预期是默认显示近一个月数据,,一般,验证通过,,,,,,,
TRUE,,清云,黄宇鹏,6月24日,chrome,界面优化,日志管理-陌电日志，页面中标记类型应该改为标签类型,,一般,验证通过,,,,,,,
TRUE,,清云,黄宇鹏,6月24日,chrome,界面优化,日志管理-陌电日志，页面中创建时间应该与标签类型并排显示,,一般,验证通过,,,,,,,
TRUE,,清云,徐青云,6月24日,chrome,功能缺失,运营配置管理-防骚扰设置，关键词新增页面没有上架状态选择,,最重要,验证通过,,,,,,,
TRUE,,清云,徐青云,6月24日,chrome,界面优化,运营配置管理-防骚扰设置，关键词设置页面中筛选条件分类没有全部这个选项，预期是默认值为全部,,一般,验证通过,,,,,,,
TRUE,,清云,徐青云,6月24日,chrome,逻辑错误,系统管理-账号管理，点击右上角弹窗修改密码，点击确认按钮不响应,,最重要,验证通过,,,,,,,
TRUE,,清云,黄宇鹏,6月25日,chrome,界面优化,运营配置管理-支付后台配置，打开主页面不是SKU配置页，一般默认都是第一个选项页面,,一般,验证通过,,,,,,,
TRUE,,清云,黄宇鹏,6月25日,chrome,逻辑错误,运营配置管理-支付后台配置，SKU配置列表没有按照时间排序，预期是按时间降序从近到远排序,,一般,验证通过,,,,,,,
TRUE,,清云,黄宇鹏,6月25日,chrome,逻辑错误,运营配置管理-支付后台配置，SKU配置新增SKU名称输入超过12个字符新增成功，预期是提示最多可输入12个字符,,一般,验证通过,,,,,,,
TRUE,,清云,黄宇鹏,6月25日,chrome,逻辑错误,运营配置管理-支付后台配置，SKU配置新增支付费用输入中文出现异常，预期是限制只能输入数字,,一般,验证通过,,,,,,,
TRUE,,清云,黄宇鹏,6月25日,chrome,逻辑错误,运营配置管理-支付后台配置，SKU配置新增次数输入中文新增成功，预期是限制只能输入正整数,,一般,验证通过,,,,,,,
TRUE,,清云,黄宇鹏,6月25日,chrome,逻辑错误,运营配置管理-支付后台配置，SKU配置搜索条件支付费用，没有按照搜索条件展示搜索结果,,一般,验证通过,输入支持模糊查询,,,,,,
TRUE,,清云,黄宇鹏,6月25日,chrome,逻辑错误,运营配置管理-支付后台配置，SKU配置搜索条件创建人，输入框点击不可输入,,一般,验证通过,,,,,,,
TRUE,,清云,黄宇鹏,6月25日,chrome,界面优化,运营配置管理-支付后台配置，SKU配置搜索条件服务项/创建人没有全部这个选项，预期是默认值为全部,,一般,验证通过,,,,,,,
TRUE,,清云,黄宇鹏,6月25日,chrome,界面优化,运营配置管理-支付后台配置，套餐配置列表缺少资费类型列数据显示,,一般,验证通过,,,,,,,
TRUE,,清云,黄宇鹏,6月25日,chrome,界面优化,运营配置管理-支付后台配置，套餐配置搜索条件套餐类型应改为资费类型,,一般,验证通过,,,,,,,
TRUE,,清云,黄宇鹏,6月28日,chrome,逻辑错误,运营配置管理-支付后台配置，套餐配置新增套餐名称超过12个字符新增成功，预期是提示最多可输入12个字符,,一般,验证通过,,,,,,,
TRUE,,清云,黄宇鹏,6月28日,chrome,逻辑错误,运营配置管理-支付后台配置，套餐配置新增选择下架，设置默认选择套餐没有隐藏,,一般,验证通过,,,,,,,
TRUE,,清云,黄宇鹏,6月28日,chrome,功能缺失,运营配置管理-支付后台配置，套餐配置新增选择sku没有全选和搜索功能,,最重要,验证通过,,,,,,,
TRUE,,清云,黄宇鹏,6月28日,chrome,逻辑错误,运营配置管理-支付后台配置，套餐配置新增生效时间不选择，点击确认出现异常提示,,一般,验证通过, 待现网验证,,"测试时间：2020.07.06 17:50
测试验证通过，待产品确认",,,,
TRUE,,清云,,6月30日,chrome,逻辑错误,运营配置管理-支付后台配置，套餐配置新增上架勾选默认选择套餐，点击确认提示已存在默认套餐，预期是覆盖原来的套餐,,一般,验证通过,后期优化，等下期后台部署,,"测试时间：2020.07.06 17:50
测试验证通过，待产品确认",,,,
TRUE,,清云,,6月30日,chrome,逻辑错误,用户信息管理-业务信息管理，号卡体检信息检测结果写反了,,一般,验证通过,,,"测试时间：2020.07.06 17:50
测试验证通过，待产品确认",,,,
TRUE,,清云,,6月30日,chrome,逻辑错误,日志管理-支付日志，商户订单号输入文字搜索出现异常提示,,一般,验证通过,,,"测试时间：2020.07.06 17:50
测试验证通过，待产品确认",,,,
TRUE,,清云,,6月30日,chrome,逻辑错误,日志管理-支付日志，金额输入文字搜索显示默认数据，预期是显示暂无数据,,一般,验证通过,,,"测试时间：2020.07.06 17:50
测试验证通过，待产品确认",,,,
FALSE,,清云,,6月30日,chrome,界面优化,日志管理-支付日志，列表完成支付时间没有显示,,一般,待修复,后期优化，等下期后台部署,,,,,,
TRUE,,清云,,6月30日,chrome,逻辑错误,消息管理配置-限制配置/模板管理，限制配置/模板分类新增优先级不填写，点击确认提示异常，预期是无自定义输入时默认为0,,一般,验证通过,,,"测试时间：2020.07.06 17:50
测试验证通过，待产品确认",,,,
TRUE,,清云,,7月2日,chrome,逻辑错误,运营配置管理-加V电话设置，黑白名单配置批量上传黑名单/批量上传白名单，上传文件后把列表原有的数据覆盖，预期是如果有已经存在黑白名单的手机号码则不再重复添加,,一般,验证通过,,,"测试时间：2020.07.06 17:50
测试验证通过，待产品确认",,,,
TRUE,,,,7月1日,chrome,逻辑错误,消息管理配置-模板管理，定制模板编辑界面点击查看名单，手动添加名单保存退出编辑界面，列表中的名单没有同步更新,,最重要,验证通过,,,"测试时间：2020.07.06 17:50
测试验证通过，待产品确认",,,,
FALSE,,清云,,7月1日,chrome,界面优化,运营配置管理-认证管理，搜索条件修改日期查询应该改为修改时间,,一般,已修复待验证,,,,,,,
TRUE,,清云,,7月2日,chrome,逻辑错误,运营配置管理-消息管理配置，自定义模板没有勾选任何选项，点击批量通过/批量驳回弹窗显示,,一般,验证通过,,,"测试时间：2020.07.06 17:50
测试验证通过，待产品确认",,,,
TRUE,,清云,黄宇鹏,6月28日,chrome,逻辑错误,运营配置管理-支付后台配置，套餐配置新增/修改提示新增/修改成功，页面停留在新增/修改页,,一般,验证通过,,,,,,,
TRUE,,清云,黄宇鹏,6月28日,chrome,逻辑错误,运营配置管理-支付后台配置，套餐配置新增/编辑，点击取消按钮，清空所有选项内容，预期是取消操作,,一般,验证通过,,,,,,,
TRUE,,清云,黄宇鹏,6月28日,chrome,逻辑错误,运营配置管理-支付后台配置，套餐配置新增标题超过14个字符新增成功，预期是提示最多可输入14个字符,,一般,验证通过,,,,,,,
TRUE,,清云,黄宇鹏,6月28日,chrome,逻辑错误,运营配置管理-支付后台配置，套餐配置新增费用说明/标签/套餐说明超过预期字符，点击确认提示异常,,一般,验证通过,,,,,,,
TRUE,,清云,黄宇鹏,6月28日,chrome,逻辑错误,运营配置管理-支付后台配置，套餐配置新增备注说明超18个字符新增成功，预期是提示最多18个字符,,一般,验证通过,,,,,,,
FALSE,,清云,,6月28日,chrome,界面优化,运营配置管理-支付后台配置，套餐配置新增预览页第二个套餐信息应改为套餐说明,,一般,待修复,,,,,,,
TRUE,,清云,黄宇鹏,6月28日,chrome,逻辑错误,运营配置管理-支付后台配置，套餐配置新增必填项未填写完成，点击确认没有toast提示请完善必填信息,,一般,验证通过,,,,,,,
TRUE,,清云,黄宇鹏,6月28日,chrome,逻辑错误,运营配置管理-支付后台配置，套餐配置搜索条件费用输入小数搜索，点击查找出现异常提示,,一般,验证通过,,,,,,,
TRUE,,清云,黄宇鹏,6月28日,chrome,逻辑错误,运营配置管理-支付后台配置，套餐配置搜索条件sku输入不相关内容，点击查找列表显示默认数据,,一般,验证通过,,,,,,,
TRUE,,清云,黄宇鹏,6月28日,chrome,逻辑错误,运营配置管理-支付后台配置，套餐配置选择搜索条件，点击重置没有恢复默认状态并进行搜索,,一般,验证通过,,,,,,,
TRUE,,清云,,7月2日,chrome,逻辑错误,用户信息管理-用户信息管理，点击查看详情基础信息所属地区为空,,一般,验证通过,,,"测试时间：2020.07.07 17:50
测试验证通过，待产品确认",,,,
TRUE,,清云,,7月2日,chrome,逻辑错误,用户审核管理-闪信审核管理，没有勾选选项点击批量通过/批量驳回弹窗显示,,一般,验证通过,,,"测试时间：2020.07.06 17:50
测试验证通过，待产品确认",,,,
TRUE,,清云,,7月6日,chrome,逻辑错误,用户信息管理-用户信息管理，不筛选条件点导出，导出数据与默认数据条数不一致,,一般,验证通过,,,"测试时间：2020.07.07 17:50
测试验证通过，待产品确认",,,,
TRUE,,清云,,7月8日,chrome,逻辑错误,运营配置管理-5G快签配置，新增/编辑最大次数输入字符，点击确认出现异常,,一般,验证通过,,,"测试时间：2020.07.08 21:50
测试验证通过，待产品确认",,,,
FALSE,,,,,,,,,,,,,,,,,
FALSE,,,,,,,,,,,,,,,,,
FALSE,,,,,,,,,,,,,,,,,
FALSE,,,,,,,,,,,,,,,,,
FALSE,,,,,,,,,,,,,,,,,
FALSE,,,,,,,,,,,,,,,,,
FALSE,,,,,,,,,,,,,,,,,
FALSE,,,,,,,,,,,,,,,,,
FALSE,,,,,,,,,,,,,,,,,
FALSE,,,,,,,,,,,,,,,,,
FALSE,,,,,,,,,,,,,,,,,
,,,,,,,,,,,,,,,,,
FALSE,,,,,,,,,,,,,,,,,
FALSE,,,,,,,,,,,,,,,,,
FALSE,,,,,,,,,,,,,,,,,
FALSE,,,,,,,,,,,,,,,,,
FALSE,,,,,,,,,,,,,,,,,
FALSE,,,,,,,,,,,,,,,,,
FALSE,,,,,,,,,,,,,,,,,
FALSE,,,,,,,,,,,,,,,,,
FALSE,,,,,,,,,,,,,,,,,
FALSE,,,,,,,,,,,,,,,,,
FALSE,,,,,,,,,,,,,,,,,
FALSE,,,,,,,,,,,,,,,,,
FALSE,,,,,,,,,,,,,,,,,
FALSE,,,,,,,,,,,,,,,,,
FALSE,,,,,,,,,,,,,,,,,
FALSE,,,,,,,,,,,,,,,,,
FALSE,,,,,,,,,,,,,,,,,
FALSE,,,,,,,,,,,,,,,,,
FALSE,,,,,,,,,,,,,,,,,
FALSE,,,,,,,,,,,,,,,,,
FALSE,,,,,,,,,,,,,,,,,
FALSE,,,,,,,,,,,,,,,,,
FALSE,,,,,,,,,,,,,,,,,
FALSE,,,,,,,,,,,,,,,,,
FALSE,,,,,,,,,,,,,,,,,
FALSE,,,,,,,,,,,,,,,,,
FALSE,,,,,,,,,,,,,,,,,
FALSE,,,,,,,,,,,,,,,,,
FALSE,,,,,,,,,,,,,,,,,
FALSE,,,,,,,,,,,,,,,,,
FALSE,,,,,,,,,,,,,,,,,
FALSE,,,,,,,,,,,,,,,,,
FALSE,,,,,,,,,,,,,,,,,
FALSE,,,,,,,,,,,,,,,,,
FALSE,,,,,,,,,,,,,,,,,
FALSE,,,,,,,,,,,,,,,,,
FALSE,,,,,,,,,,,,,,,,,
FALSE,,,,,,,,,,,,,,,,,
FALSE,,,,,,,,,,,,,,,,,
FALSE,,,,,,,,,,,,,,,,,
FALSE,,,,,,,,,,,,,,,,,
FALSE,,,,,,,,,,,,,,,,,
FALSE,,,,,,,,,,,,,,,,,
FALSE,,,,,,,,,,,,,,,,,
FALSE,,,,,,,,,,,,,,,,,
FALSE,,,,,,,,,,,,,,,,,
FALSE,,,,,,,,,,,,,,,,,
FALSE,,,,,,,,,,,,,,,,,
FALSE,,,,,,,,,,,,,,,,,
FALSE,,,,,,,,,,,,,,,,,
FALSE,,,,,,,,,,,,,,,,,
FALSE,,,,,,,,,,,,,,,,,
FALSE,,,,,,,,,,,,,,,,,
FALSE,,,,,,,,,,,,,,,,,
FALSE,,,,,,,,,,,,,,,,,
FALSE,,,,,,,,,,,,,,,,,
